"id","manu_code","manufile_manu_name","created_at","updated_at","row_creator_id","manufile_manu_code_an2","manufile_manu_code_an3","packed_cost_pcode_1","packed_cost_percent_1","packed_cost_pcode_2","packed_cost_percent_2","packed_cost_pcode_3","packed_cost_percent_3","packed_cost_pcode_4","packed_cost_percent_4","packed_cost_pcode_5","packed_cost_percent_5","packed_cost_pcode_6","packed_cost_percent_6","packed_cost_pcode_7","packed_cost_percent_7","packed_cost_pcode_8","packed_cost_percent_8","packed_cost_pcode_9","packed_cost_percent_9","packed_cost_pcode_10","packed_cost_percent_10","manufile_warranty_code_1","manufile_warranty_desc_1","manufile_warranty_length_1","manufile_warranty_period_1","manufile_warranty_code_2","manufile_warranty_desc_2","manufile_warranty_length_2","manufile_warranty_period_2","manufile_warranty_code_3","manufile_warranty_desc_3","manufile_warranty_length_3","manufile_warranty_period_3","manufile_warranty_code_4","manufile_warranty_desc_4","manufile_warranty_length_4","manufile_warranty_period_4","manufile_warranty_code_5","manufile_warranty_desc_5","manufile_warranty_length_5","manufile_warranty_period_5","manufile_warranty_code_6","manufile_warranty_desc_6","manufile_warranty_length_6","manufile_warranty_period_6","manufile_warranty_code_7","manufile_warranty_desc_7","manufile_warranty_length_7","manufile_warranty_period_7","manufile_warranty_code_8","manufile_warranty_desc_8","manufile_warranty_length_8","manufile_warranty_period_8","manufile_warranty_code_9","manufile_warranty_desc_9","manufile_warranty_length_9","manufile_warranty_period_9","manufile_warranty_code_10","manufile_warranty_desc_10","manufile_warranty_length_10","manufile_warranty_period_10","ht_etl_schema"
"1","ACE","ACER","2021-08-24 04:08:22.276506","2021-08-24 04:08:22.276506",,"AC","ACE",,"0.000",,"0.000",,"0.000",,"0.000",,"0.000",,"0.000",,"0.000",,"0.000",,"0.000",,"0.000",,,"0",,,,"0",,,,"0",,,,"0",,,,"0",,,,"0",,,,"0",,,,"0",,,,"0",,,,"0",,"public"
"2","ACT","ACTION","2021-08-24 04:08:22.276506","2021-08-24 04:08:22.276506",,"AC","ACT",,"0.000",,"0.000",,"0.000",,"0.000",,"0.000",,"0.000",,"0.000",,"0.000",,"0.000",,"0.000",,,"0",,,,"0",,,,"0",,,,"0",,,,"0",,,,"0",,,,"0",,,,"0",,,,"0",,,,"0",,"public"
"3","ALB","ALBANY","2021-08-24 04:08:22.276506","2021-08-24 04:08:22.276506",,"AL","ALB",,"0.000",,"0.000",,"0.000",,"0.000",,"0.000",,"0.000",,"0.000",,"0.000",,"0.000",,"0.000",,,"0",,,,"0",,,,"0",,,,"0",,,,"0",,,,"0",,,,"0",,,,"0",,,,"0",,,,"0",,"public"
"4","ALT","ALTEC","2021-08-24 04:08:22.276506","2021-08-24 04:08:22.276506",,"AL","ALT","SS","0.000",,"0.000",,"0.000",,"0.000",,"0.000",,"0.000",,"0.000",,"0.000",,"0.000",,"0.000",,,"0",,,,"0",,,,"0",,,,"0",,,,"0",,,,"0",,,,"0",,,,"0",,,,"0",,,,"0",,"public"
"5","AMA","AMANA","2021-08-24 04:08:22.276506","2021-08-24 04:08:22.276506",,"AM","AMA",,"0.000",,"0.000",,"0.000",,"0.000",,"0.000",,"0.000",,"0.000",,"0.000",,"0.000",,"0.000",,,"0",,,,"0",,,,"0",,,,"0",,,,"0",,,,"0",,,,"0",,,,"0",,,,"0",,,,"0",,"public"
"6","AMZ","AMAZON","2021-08-24 04:08:22.276506","2021-08-24 04:08:22.276506",,"AM","AMZ",,"0.000",,"0.000",,"0.000",,"0.000",,"0.000",,"0.000",,"0.000",,"0.000",,"0.000",,"0.000",,,"0",,,,"0",,,,"0",,,,"0",,,,"0",,,,"0",,,,"0",,,,"0",,,,"0",,,,"0",,"public"
"7","APL","APPLE","2021-08-24 04:08:22.276506","2021-08-24 04:08:22.276506",,"AP","APL",,"0.000",,"0.000",,"0.000",,"0.000",,"0.000",,"0.000",,"0.000",,"0.000",,"0.000",,"0.000",,,"0",,,,"0",,,,"0",,,,"0",,,,"0",,,,"0",,,,"0",,,,"0",,,,"0",,,,"0",,"public"
"8","ARI","ARIENS","2021-08-24 04:08:22.276506","2021-08-24 04:08:22.276506",,"AR","ARI",,"0.000",,"0.000",,"0.000",,"0.000",,"0.000",,"0.000",,"0.000",,"0.000",,"0.000",,"0.000",,,"0",,,,"0",,,,"0",,,,"0",,,,"0",,,,"0",,,,"0",,,,"0",,,,"0",,,,"0",,"public"
"9","ART","ARCTIC KING","2021-08-24 04:08:22.276506","2021-08-24 04:08:22.276506",,"AR","ART",,"0.000",,"0.000",,"0.000",,"0.000",,"0.000",,"0.000",,"0.000",,"0.000",,"0.000",,"0.000",,,"0",,,,"0",,,,"0",,,,"0",,,,"0",,,,"0",,,,"0",,,,"0",,,,"0",,,,"0",,"public"
"10","ASH","ASHLEY","2021-08-24 04:08:22.276506","2021-08-24 04:08:22.276506",,"AS","ASH",,"0.000",,"0.000",,"0.000",,"0.000",,"0.000",,"0.000",,"0.000",,"0.000",,"0.000",,"0.000",,,"0",,,,"0",,,,"0",,,,"0",,,,"0",,,,"0",,,,"0",,,,"0",,,,"0",,,,"0",,"public"
"11","ASU","ASUS","2021-08-24 04:08:22.276506","2021-08-24 04:08:22.276506",,"AS","ASU",,"0.000",,"0.000",,"0.000",,"0.000",,"0.000",,"0.000",,"0.000",,"0.000",,"0.000",,"0.000",,,"0",,,,"0",,,,"0",,,,"0",,,,"0",,,,"0",,,,"0",,,,"0",,,,"0",,,,"0",,"public"
"12","AUD","AUDIO SOURCE","2021-08-24 04:08:22.276506","2021-08-24 04:08:22.276506",,"AU","AUD",,"0.000",,"0.000",,"0.000",,"0.000",,"0.000",,"0.000",,"0.000",,"0.000",,"0.000",,"0.000",,,"0",,,,"0",,,,"0",,,,"0",,,,"0",,,,"0",,,,"0",,,,"0",,,,"0",,,,"0",,"public"
"13","AZP","AZPEN","2021-08-24 04:08:22.276506","2021-08-24 04:08:22.276506",,"AZ","AZP","CL","0.000","CT","0.000","CM","0.000","CO","0.000",,"0.000",,"0.000",,"0.000",,"0.000",,"0.000",,"0.000",,,"0",,,,"0",,,,"0",,,,"0",,,,"0",,,,"0",,,,"0",,,,"0",,,,"0",,,,"0",,"public"
"14","BAS","BASELINE FURNITURE","2021-08-24 04:08:22.276506","2021-08-24 04:08:22.276506",,"BA","BAS",,"0.000",,"0.000",,"0.000",,"0.000",,"0.000",,"0.000",,"0.000",,"0.000",,"0.000",,"0.000",,,"0",,,,"0",,,,"0",,,,"0",,,,"0",,,,"0",,,,"0",,,,"0",,,,"0",,,,"0",,"public"
"15","BEA","BEATS","2021-08-24 04:08:22.276506","2021-08-24 04:08:22.276506",,"BE","BEA",,"0.000",,"0.000",,"0.000",,"0.000",,"0.000",,"0.000",,"0.000",,"0.000",,"0.000",,"0.000",,,"0",,,,"0",,,,"0",,,,"0",,,,"0",,,,"0",,,,"0",,,,"0",,,,"0",,,,"0",,"public"
"16","BEC","BEST CHOICE","2021-08-24 04:08:22.276506","2021-08-24 04:08:22.276506",,"BE","BEC","AF","0.000",,"0.000",,"0.000",,"0.000",,"0.000",,"0.000",,"0.000",,"0.000",,"0.000",,"0.000",,,"0",,,,"0",,,,"0",,,,"0",,,,"0",,,,"0",,,,"0",,,,"0",,,,"0",,,,"0",,"public"
"17","BER","BEAUTYREST","2021-08-24 04:08:22.276506","2021-08-24 04:08:22.276506",,"BE","BER","MQ","0.000",,"0.000",,"0.000",,"0.000",,"0.000",,"0.000",,"0.000",,"0.000",,"0.000",,"0.000",,,"0",,,,"0",,,,"0",,,,"0",,,,"0",,,,"0",,,,"0",,,,"0",,,,"0",,,,"0",,"public"
"18","BLU","BLUE CELL PHONES","2021-08-24 04:08:22.276506","2021-08-24 04:08:22.276506",,"BL","BLU",,"0.000",,"0.000",,"0.000",,"0.000",,"0.000",,"0.000",,"0.000",,"0.000",,"0.000",,"0.000",,,"0",,,,"0",,,,"0",,,,"0",,,,"0",,,,"0",,,,"0",,,,"0",,,,"0",,,,"0",,"public"
"19","CAN","CANNON","2021-08-24 04:08:22.276506","2021-08-24 04:08:22.276506",,"CA","CAN",,"0.000",,"0.000",,"0.000",,"0.000",,"0.000",,"0.000",,"0.000",,"0.000",,"0.000",,"0.000",,,"0",,,,"0",,,,"0",,,,"0",,,,"0",,,,"0",,,,"0",,,,"0",,,,"0",,,,"0",,"public"
"20","CAT","CATNAPPER","2021-08-24 04:08:22.276506","2021-08-24 04:08:22.276506",,"CA","CAT",,"0.000",,"0.000",,"0.000",,"0.000",,"0.000",,"0.000",,"0.000",,"0.000",,"0.000",,"0.000",,,"0",,,,"0",,,,"0",,,,"0",,,,"0",,,,"0",,,,"0",,,,"0",,,,"0",,,,"0",,"public"
"21","CCH","COACH","2021-08-24 04:08:22.276506","2021-08-24 04:08:22.276506",,"CC","CCH","ZP","0.000",,"0.000",,"0.000",,"0.000",,"0.000",,"0.000",,"0.000",,"0.000",,"0.000",,"0.000",,,"0",,,,"0",,,,"0",,,,"0",,,,"0",,,,"0",,,,"0",,,,"0",,,,"0",,,,"0",,"public"
"22","CLF","CLASSIC FLAME","2021-08-24 04:08:22.276506","2021-08-24 04:08:22.276506",,"CL","CLF",,"0.000",,"0.000",,"0.000",,"0.000",,"0.000",,"0.000",,"0.000",,"0.000",,"0.000",,"0.000",,,"0",,,,"0",,,,"0",,,,"0",,,,"0",,,,"0",,,,"0",,,,"0",,,,"0",,,,"0",,"public"
"23","CNV","CONVERSION","2021-08-24 04:08:22.276506","2021-08-24 04:08:22.276506",,"CN","CNV",,"0.000",,"0.000",,"0.000",,"0.000",,"0.000",,"0.000",,"0.000",,"0.000",,"0.000",,"0.000",,,"0",,,,"0",,,,"0",,,,"0",,,,"0",,,,"0",,,,"0",,,,"0",,,,"0",,,,"0",,"public"
"24","COA","COASTER FURNITURE","2021-08-24 04:08:22.276506","2021-08-24 04:08:22.276506",,"CO","COA",,"0.000",,"0.000",,"0.000",,"0.000",,"0.000",,"0.000",,"0.000",,"0.000",,"0.000",,"0.000",,,"0",,,,"0",,,,"0",,,,"0",,,,"0",,,,"0",,,,"0",,,,"0",,,,"0",,,,"0",,"public"
"25","COR","CORSICANA","2021-08-24 04:08:22.276506","2021-08-24 04:08:22.276506",,"CO","COR",,"0.000",,"0.000",,"0.000",,"0.000",,"0.000",,"0.000",,"0.000",,"0.000",,"0.000",,"0.000",,,"0",,,,"0",,,,"0",,,,"0",,,,"0",,,,"0",,,,"0",,,,"0",,,,"0",,,,"0",,"public"
"26","CRA","CRAFTSMAN","2021-08-24 04:08:22.276506","2021-08-24 04:08:22.276506",,"CR","CRA",,"0.000",,"0.000",,"0.000",,"0.000",,"0.000",,"0.000",,"0.000",,"0.000",,"0.000",,"0.000",,,"0",,,,"0",,,,"0",,,,"0",,,,"0",,,,"0",,,,"0",,,,"0",,,,"0",,,,"0",,"public"
"27","CRO","CROSLEY","2021-08-24 04:08:22.276506","2021-08-24 04:08:22.276506",,"CR","CRO","AC","0.000","AD","0.000","AF","0.000","AM","0.000","AP","0.000","AR","0.000","AS","0.000","AW","0.000","AV","0.000",,"0.000",,,"0",,,,"0",,,,"0",,,,"0",,,,"0",,,,"0",,,,"0",,,,"0",,,,"0",,,,"0",,"public"
"28","CTY","COUNTRYSIDE","2021-08-24 04:08:22.276506","2021-08-24 04:08:22.276506",,"CT","CTY",,"0.000",,"0.000",,"0.000",,"0.000",,"0.000",,"0.000",,"0.000",,"0.000",,"0.000",,"0.000",,,"0",,,,"0",,,,"0",,,,"0",,,,"0",,,,"0",,,,"0",,,,"0",,,,"0",,,,"0",,"public"
"29","DAN","DANBY","2021-08-24 04:08:22.276506","2021-08-24 04:08:22.276506",,"DA","DAN","AF","0.000",,"0.000",,"0.000",,"0.000",,"0.000",,"0.000",,"0.000",,"0.000",,"0.000",,"0.000",,,"0",,,,"0",,,,"0",,,,"0",,,,"0",,,,"0",,,,"0",,,,"0",,,,"0",,,,"0",,"public"
"30","DEL","DELL","2021-08-24 04:08:22.276506","2021-08-24 04:08:22.276506",,"DE","DEL",,"0.000",,"0.000",,"0.000",,"0.000",,"0.000",,"0.000",,"0.000",,"0.000",,"0.000",,"0.000",,,"0",,,,"0",,,,"0",,,,"0",,,,"0",,,,"0",,,,"0",,,,"0",,,,"0",,,,"0",,"public"
"31","DEW","DEWALT","2021-08-24 04:08:22.276506","2021-08-24 04:08:22.276506",,"DE","DEW","LM","0.000",,"0.000",,"0.000",,"0.000",,"0.000",,"0.000",,"0.000",,"0.000",,"0.000",,"0.000",,,"0",,,,"0",,,,"0",,,,"0",,,,"0",,,,"0",,,,"0",,,,"0",,,,"0",,,,"0",,"public"
"32","DYS","DYSON","2021-08-24 04:08:22.276506","2021-08-24 04:08:22.276506",,"DY","DYS","AV","0.000",,"0.000",,"0.000",,"0.000",,"0.000",,"0.000",,"0.000",,"0.000",,"0.000",,"0.000",,,"0",,,,"0",,,,"0",,,,"0",,,,"0",,,,"0",,,,"0",,,,"0",,,,"0",,,,"0",,"public"
"33","EDI","EDISON","2021-08-24 04:08:22.276506","2021-08-24 04:08:22.276506",,"ED","EDI","TL","0.000","SH","0.000","SP","0.000","SS","0.000","SB","0.000","SM","0.000",,"0.000",,"0.000",,"0.000",,"0.000",,,"0",,,,"0",,,,"0",,,,"0",,,,"0",,,,"0",,,,"0",,,,"0",,,,"0",,,,"0",,"public"
"34","EPS","EPSON","2021-08-24 04:08:22.276506","2021-08-24 04:08:22.276506",,"EP","EPS",,"0.000",,"0.000",,"0.000",,"0.000",,"0.000",,"0.000",,"0.000",,"0.000",,"0.000",,"0.000",,,"0",,,,"0",,,,"0",,,,"0",,,,"0",,,,"0",,,,"0",,,,"0",,,,"0",,,,"0",,"public"
"35","FRA","FRAENKLE COMPANY","2021-08-24 04:08:22.276506","2021-08-24 04:08:22.276506",,"FR","FRA",,"0.000",,"0.000",,"0.000",,"0.000",,"0.000",,"0.000",,"0.000",,"0.000",,"0.000",,"0.000",,,"0",,,,"0",,,,"0",,,,"0",,,,"0",,,,"0",,,,"0",,,,"0",,,,"0",,,,"0",,"public"
"36","FRG","FRIGIDAIRE","2021-08-24 04:08:22.276506","2021-08-24 04:08:22.276506",,"FR","FRG",,"0.000",,"0.000",,"0.000",,"0.000",,"0.000",,"0.000",,"0.000",,"0.000",,"0.000",,"0.000",,,"0",,,,"0",,,,"0",,,,"0",,,,"0",,,,"0",,,,"0",,,,"0",,,,"0",,,,"0",,"public"
"37","GEE","GENERAL ELECTRIC","2021-08-24 04:08:22.276506","2021-08-24 04:08:22.276506",,"GE","GEE",,"0.000",,"0.000",,"0.000",,"0.000",,"0.000",,"0.000",,"0.000",,"0.000",,"0.000",,"0.000",,,"0",,,,"0",,,,"0",,,,"0",,,,"0",,,,"0",,,,"0",,,,"0",,,,"0",,,,"0",,"public"
"38","GEM","GEMINI","2021-08-24 04:08:22.276506","2021-08-24 04:08:22.276506",,"GE","GEM",,"0.000",,"0.000",,"0.000",,"0.000",,"0.000",,"0.000",,"0.000",,"0.000",,"0.000",,"0.000",,,"0",,,,"0",,,,"0",,,,"0",,,,"0",,,,"0",,,,"0",,,,"0",,,,"0",,,,"0",,"public"
"39","GEN","GIDGET MEAUT @ ASSOC","2021-08-24 04:08:22.276506","2021-08-24 04:08:22.276506",,"GE","GEN",,"0.000",,"0.000",,"0.000",,"0.000",,"0.000",,"0.000",,"0.000",,"0.000",,"0.000",,"0.000",,,"0",,,,"0",,,,"0",,,,"0",,,,"0",,,,"0",,,,"0",,,,"0",,,,"0",,,,"0",,"public"
"40","GLI","GLIDEAWAY","2021-08-24 04:08:22.276506","2021-08-24 04:08:22.276506",,"GL","GLI",,"0.000",,"0.000",,"0.000",,"0.000",,"0.000",,"0.000",,"0.000",,"0.000",,"0.000",,"0.000",,,"0",,,,"0",,,,"0",,,,"0",,,,"0",,,,"0",,,,"0",,,,"0",,,,"0",,,,"0",,"public"
"41","GTW","GATEWAY","2021-08-24 04:08:22.276506","2021-08-24 04:08:22.276506",,"GT","GTW",,"0.000",,"0.000",,"0.000",,"0.000",,"0.000",,"0.000",,"0.000",,"0.000",,"0.000",,"0.000",,,"0",,,,"0",,,,"0",,,,"0",,,,"0",,,,"0",,,,"0",,,,"0",,,,"0",,,,"0",,"public"
"42","HAI","HAIER","2021-08-24 04:08:22.276506","2021-08-24 04:08:22.276506",,"HA","HAI",,"0.000",,"0.000",,"0.000",,"0.000",,"0.000",,"0.000",,"0.000",,"0.000",,"0.000",,"0.000",,,"0",,,,"0",,,,"0",,,,"0",,,,"0",,,,"0",,,,"0",,,,"0",,,,"0",,,,"0",,"public"
"43","HAM","HAMILTON","2021-08-24 04:08:22.276506","2021-08-24 04:08:22.276506",,"HA","HAM","FF","0.000",,"0.000",,"0.000",,"0.000",,"0.000",,"0.000",,"0.000",,"0.000",,"0.000",,"0.000",,,"0",,,,"0",,,,"0",,,,"0",,,,"0",,,,"0",,,,"0",,,,"0",,,,"0",,,,"0",,"public"
"44","HAR","HARDEN MFG","2021-08-24 04:08:22.276506","2021-08-24 04:08:22.276506",,"HA","HAR",,"0.000",,"0.000",,"0.000",,"0.000",,"0.000",,"0.000",,"0.000",,"0.000",,"0.000",,"0.000",,,"0",,,,"0",,,,"0",,,,"0",,,,"0",,,,"0",,,,"0",,,,"0",,,,"0",,,,"0",,"public"
"45","HEW","HEWLETT PACKARD","2021-08-24 04:08:22.276506","2021-08-24 04:08:22.276506",,"HE","HEW",,"0.000",,"0.000",,"0.000",,"0.000",,"0.000",,"0.000",,"0.000",,"0.000",,"0.000",,"0.000",,,"0",,,,"0",,,,"0",,,,"0",,,,"0",,,,"0",,,,"0",,,,"0",,,,"0",,,,"0",,"public"
"46","HIS","HISENSE","2021-08-24 04:08:22.276506","2021-08-24 04:08:22.276506",,"HI","HIS","TC","0.000","TD","0.000","TL","0.000","TP","0.000","TS","0.000","SB","0.000","SH","0.000",,"0.000",,"0.000",,"0.000",,,"0",,,,"0",,,,"0",,,,"0",,,,"0",,,,"0",,,,"0",,,,"0",,,,"0",,,,"0",,"public"
"47","HIT","HITACHI","2021-08-24 04:08:22.276506","2021-08-24 04:08:22.276506",,"HI","HIT",,"0.000",,"0.000",,"0.000",,"0.000",,"0.000",,"0.000",,"0.000",,"0.000",,"0.000",,"0.000",,,"0",,,,"0",,,,"0",,,,"0",,,,"0",,,,"0",,,,"0",,,,"0",,,,"0",,,,"0",,"public"
"48","HOE","HOME ELEGANCE","2021-08-24 04:08:22.276506","2021-08-24 04:08:22.276506",,"HO","HOE",,"0.000",,"0.000",,"0.000",,"0.000",,"0.000",,"0.000",,"0.000",,"0.000",,"0.000",,"0.000",,,"0",,,,"0",,,,"0",,,,"0",,,,"0",,,,"0",,,,"0",,,,"0",,,,"0",,,,"0",,"public"
"49","HOM","HOME ELEGANCE","2021-08-24 04:08:22.276506","2021-08-24 04:08:22.276506",,"HO","HOM",,"0.000",,"0.000",,"0.000",,"0.000",,"0.000",,"0.000",,"0.000",,"0.000",,"0.000",,"0.000",,,"0",,,,"0",,,,"0",,,,"0",,,,"0",,,,"0",,,,"0",,,,"0",,,,"0",,,,"0",,"public"
"50","HOT","HOTPOINT","2021-08-24 04:08:22.276506","2021-08-24 04:08:22.276506",,"HO","HOT",,"0.000",,"0.000",,"0.000",,"0.000",,"0.000",,"0.000",,"0.000",,"0.000",,"0.000",,"0.000",,,"0",,,,"0",,,,"0",,,,"0",,,,"0",,,,"0",,,,"0",,,,"0",,,,"0",,,,"0",,"public"
"51","HTC","HTC","2021-08-24 04:08:22.276506","2021-08-24 04:08:22.276506",,"HT","HTC",,"0.000",,"0.000",,"0.000",,"0.000",,"0.000",,"0.000",,"0.000",,"0.000",,"0.000",,"0.000",,,"0",,,,"0",,,,"0",,,,"0",,,,"0",,,,"0",,,,"0",,,,"0",,,,"0",,,,"0",,"public"
"52","HUS","HUSQVARNA","2021-08-24 04:08:22.276506","2021-08-24 04:08:22.276506",,"HU","HUS","LM","0.000","LP","0.000","LR","0.000",,"0.000",,"0.000",,"0.000",,"0.000",,"0.000",,"0.000",,"0.000",,,"0",,,,"0",,,,"0",,,,"0",,,,"0",,,,"0",,,,"0",,,,"0",,,,"0",,,,"0",,"public"
"53","INN","INNOV-EX HOME PRODUCTS","2021-08-24 04:08:22.276506","2021-08-24 04:08:22.276506",,"IN","INN","BB","0.000","TS","0.000","FF","0.000",,"0.000",,"0.000",,"0.000",,"0.000",,"0.000",,"0.000",,"0.000",,,"0",,,,"0",,,,"0",,,,"0",,,,"0",,,,"0",,,,"0",,,,"0",,,,"0",,,,"0",,"public"
"54","INT","INTERNATIONAL","2021-08-24 04:08:22.276506","2021-08-24 04:08:22.276506",,"IN","INT",,"0.000",,"0.000",,"0.000",,"0.000",,"0.000",,"0.000",,"0.000",,"0.000",,"0.000",,"0.000",,,"0",,,,"0",,,,"0",,,,"0",,,,"0",,,,"0",,,,"0",,,,"0",,,,"0",,,,"0",,"public"
"55","IRO","I ROBOT","2021-08-24 04:08:22.276506","2021-08-24 04:08:22.276506",,"IR","IRO",,"0.000",,"0.000",,"0.000",,"0.000",,"0.000",,"0.000",,"0.000",,"0.000",,"0.000",,"0.000",,,"0",,,,"0",,,,"0",,,,"0",,,,"0",,,,"0",,,,"0",,,,"0",,,,"0",,,,"0",,"public"
"56","JAC","JACKSON FURNITURE","2021-08-24 04:08:22.276506","2021-08-24 04:08:22.276506",,"JA","JAC",,"0.000",,"0.000",,"0.000",,"0.000",,"0.000",,"0.000",,"0.000",,"0.000",,"0.000",,"0.000",,,"0",,,,"0",,,,"0",,,,"0",,,,"0",,,,"0",,,,"0",,,,"0",,,,"0",,,,"0",,"public"
"57","JVC","JVC","2021-08-24 04:08:22.276506","2021-08-24 04:08:22.276506",,"JV","JVC",,"0.000",,"0.000",,"0.000",,"0.000",,"0.000",,"0.000",,"0.000",,"0.000",,"0.000",,"0.000",,,"0",,,,"0",,,,"0",,,,"0",,,,"0",,,,"0",,,,"0",,,,"0",,,,"0",,,,"0",,"public"
"58","KAN","KANGAROO TRADING","2021-08-24 04:08:22.276506","2021-08-24 04:08:22.276506",,"KA","KAN",,"0.000",,"0.000",,"0.000",,"0.000",,"0.000",,"0.000",,"0.000",,"0.000",,"0.000",,"0.000",,,"0",,,,"0",,,,"0",,,,"0",,,,"0",,,,"0",,,,"0",,,,"0",,,,"0",,,,"0",,"public"
"59","KEM","KENMOORE","2021-08-24 04:08:22.276506","2021-08-24 04:08:22.276506",,"KE","KEM",,"0.000",,"0.000",,"0.000",,"0.000",,"0.000",,"0.000",,"0.000",,"0.000",,"0.000",,"0.000",,,"0",,,,"0",,,,"0",,,,"0",,,,"0",,,,"0",,,,"0",,,,"0",,,,"0",,,,"0",,"public"
"60","KEN","KENWOOD","2021-08-24 04:08:22.276506","2021-08-24 04:08:22.276506",,"KE","KEN",,"0.000",,"0.000",,"0.000",,"0.000",,"0.000",,"0.000",,"0.000",,"0.000",,"0.000",,"0.000",,,"0",,,,"0",,,,"0",,,,"0",,,,"0",,,,"0",,,,"0",,,,"0",,,,"0",,,,"0",,"public"
"61","KID","KIDZWORLD","2021-08-24 04:08:22.276506","2021-08-24 04:08:22.276506",,"KI","KID",,"0.000",,"0.000",,"0.000",,"0.000",,"0.000",,"0.000",,"0.000",,"0.000",,"0.000",,"0.000",,,"0",,,,"0",,,,"0",,,,"0",,,,"0",,,,"0",,,,"0",,,,"0",,,,"0",,,,"0",,"public"
"62","KLA","KLAUSSNER FURNITURE","2021-08-24 04:08:22.276506","2021-08-24 04:08:22.276506",,"KL","KLA",,"0.000",,"0.000",,"0.000",,"0.000",,"0.000",,"0.000",,"0.000",,"0.000",,"0.000",,"0.000",,,"0",,,,"0",,,,"0",,,,"0",,,,"0",,,,"0",,,,"0",,,,"0",,,,"0",,,,"0",,"public"
"63","KOB","KOBALT","2021-08-24 04:08:22.276506","2021-08-24 04:08:22.276506",,"KO","KOB","LM","0.000",,"0.000",,"0.000",,"0.000",,"0.000",,"0.000",,"0.000",,"0.000",,"0.000",,"0.000",,,"0",,,,"0",,,,"0",,,,"0",,,,"0",,,,"0",,,,"0",,,,"0",,,,"0",,,,"0",,"public"
"64","LAZ","LAZYBOY","2021-08-24 04:08:22.276506","2021-08-24 04:08:22.276506",,"LA","LAZ",,"0.000",,"0.000",,"0.000",,"0.000",,"0.000",,"0.000",,"0.000",,"0.000",,"0.000",,"0.000",,,"0",,,,"0",,,,"0",,,,"0",,,,"0",,,,"0",,,,"0",,,,"0",,,,"0",,,,"0",,"public"
"65","LEF","LEFFORT","2021-08-24 04:08:22.276506","2021-08-24 04:08:22.276506",,"LE","LEF",,"0.000",,"0.000",,"0.000",,"0.000",,"0.000",,"0.000",,"0.000",,"0.000",,"0.000",,"0.000",,,"0",,,,"0",,,,"0",,,,"0",,,,"0",,,,"0",,,,"0",,,,"0",,,,"0",,,,"0",,"public"
"66","LEG","LEGGETT & PLATT","2021-08-24 04:08:22.276506","2021-08-24 04:08:22.276506",,"LE","LEG",,"0.000",,"0.000",,"0.000",,"0.000",,"0.000",,"0.000",,"0.000",,"0.000",,"0.000",,"0.000",,,"0",,,,"0",,,,"0",,,,"0",,,,"0",,,,"0",,,,"0",,,,"0",,,,"0",,,,"0",,"public"
"67","LEN","LENOVA","2021-08-24 04:08:22.276506","2021-08-24 04:08:22.276506",,"LE","LEN",,"0.000",,"0.000",,"0.000",,"0.000",,"0.000",,"0.000",,"0.000",,"0.000",,"0.000",,"0.000",,,"0",,,,"0",,,,"0",,,,"0",,,,"0",,,,"0",,,,"0",,,,"0",,,,"0",,,,"0",,"public"
"68","LGE","LG ELECTRONICS","2021-08-24 04:08:22.276506","2021-08-24 04:08:22.276506",,"LG","LGE",,"0.000",,"0.000",,"0.000",,"0.000",,"0.000",,"0.000",,"0.000",,"0.000",,"0.000",,"0.000",,,"0",,,,"0",,,,"0",,,,"0",,,,"0",,,,"0",,,,"0",,,,"0",,,,"0",,,,"0",,"public"
"69","MAT","MATTRESS DEPOT","2021-08-24 04:08:22.276506","2021-08-24 04:08:22.276506",,"MA","MAT",,"0.000",,"0.000",,"0.000",,"0.000",,"0.000",,"0.000",,"0.000",,"0.000",,"0.000",,"0.000",,,"0",,,,"0",,,,"0",,,,"0",,,,"0",,,,"0",,,,"0",,,,"0",,,,"0",,,,"0",,"public"
"70","MAY","MAYTAG","2021-08-24 04:08:22.276506","2021-08-24 04:08:22.276506",,"MA","MAY",,"0.000",,"0.000",,"0.000",,"0.000",,"0.000",,"0.000",,"0.000",,"0.000",,"0.000",,"0.000",,,"0",,,,"0",,,,"0",,,,"0",,,,"0",,,,"0",,,,"0",,,,"0",,,,"0",,,,"0",,"public"
"71","MDR","MILLION DOLLAR RUSTIC","2021-08-24 04:08:22.276506","2021-08-24 04:08:22.276506",,"MD","MDR",,"0.000",,"0.000",,"0.000",,"0.000",,"0.000",,"0.000",,"0.000",,"0.000",,"0.000",,"0.000",,,"0",,,,"0",,,,"0",,,,"0",,,,"0",,,,"0",,,,"0",,,,"0",,,,"0",,,,"0",,"public"
"72","MED","MED-LIFT","2021-08-24 04:08:22.276506","2021-08-24 04:08:22.276506",,"ME","MED",,"0.000",,"0.000",,"0.000",,"0.000",,"0.000",,"0.000",,"0.000",,"0.000",,"0.000",,"0.000",,,"0",,,,"0",,,,"0",,,,"0",,,,"0",,,,"0",,,,"0",,,,"0",,,,"0",,,,"0",,"public"
"73","MIC","MICROSOFT","2021-08-24 04:08:22.276506","2021-08-24 04:08:22.276506",,"MI","MIC",,"0.000",,"0.000",,"0.000",,"0.000",,"0.000",,"0.000",,"0.000",,"0.000",,"0.000",,"0.000",,,"0",,,,"0",,,,"0",,,,"0",,,,"0",,,,"0",,,,"0",,,,"0",,,,"0",,,,"0",,"public"
"74","MIK","MICHAEL KORS","2021-08-24 04:08:22.276506","2021-08-24 04:08:22.276506",,"MI","MIK",,"0.000",,"0.000",,"0.000",,"0.000",,"0.000",,"0.000",,"0.000",,"0.000",,"0.000",,"0.000",,,"0",,,,"0",,,,"0",,,,"0",,,,"0",,,,"0",,,,"0",,,,"0",,,,"0",,,,"0",,"public"
"75","MIL","MILLENNIUM","2021-08-24 04:08:22.276506","2021-08-24 04:08:22.276506",,"MI","MIL",,"0.000",,"0.000",,"0.000",,"0.000",,"0.000",,"0.000",,"0.000",,"0.000",,"0.000",,"0.000",,,"0",,,,"0",,,,"0",,,,"0",,,,"0",,,,"0",,,,"0",,,,"0",,,,"0",,,,"0",,"public"
"76","MON","MONSTER","2021-08-24 04:08:22.276506","2021-08-24 04:08:22.276506",,"MO","MON",,"0.000",,"0.000",,"0.000",,"0.000",,"0.000",,"0.000",,"0.000",,"0.000",,"0.000",,"0.000",,,"0",,,,"0",,,,"0",,,,"0",,,,"0",,,,"0",,,,"0",,,,"0",,,,"0",,,,"0",,"public"
"77","MSI","MICRO-STAR INTERNATIONAL","2021-08-24 04:08:22.276506","2021-08-24 04:08:22.276506",,"MS","MSI","CL","0.000","CM","0.000","CO","0.000","CT","0.000",,"0.000",,"0.000",,"0.000",,"0.000",,"0.000",,"0.000",,,"0",,,,"0",,,,"0",,,,"0",,,,"0",,,,"0",,,,"0",,,,"0",,,,"0",,,,"0",,"public"
"78","NAB","NABI","2021-08-24 04:08:22.276506","2021-08-24 04:08:22.276506",,"NA","NAB",,"0.000",,"0.000",,"0.000",,"0.000",,"0.000",,"0.000",,"0.000",,"0.000",,"0.000",,"0.000",,,"0",,,,"0",,,,"0",,,,"0",,,,"0",,,,"0",,,,"0",,,,"0",,,,"0",,,,"0",,"public"
"79","NEW","NEW GENERATIONS","2021-08-24 04:08:22.276506","2021-08-24 04:08:22.276506",,"NE","NEW",,"0.000",,"0.000",,"0.000",,"0.000",,"0.000",,"0.000",,"0.000",,"0.000",,"0.000",,"0.000",,,"0",,,,"0",,,,"0",,,,"0",,,,"0",,,,"0",,,,"0",,,,"0",,,,"0",,,,"0",,"public"
"80","NIN","NINTENDO","2021-08-24 04:08:22.276506","2021-08-24 04:08:22.276506",,"NI","NIN",,"0.000",,"0.000",,"0.000",,"0.000",,"0.000",,"0.000",,"0.000",,"0.000",,"0.000",,"0.000",,,"0",,,,"0",,,,"0",,,,"0",,,,"0",,,,"0",,,,"0",,,,"0",,,,"0",,,,"0",,"public"
"81","ORE","ORECK","2021-08-24 04:08:22.276506","2021-08-24 04:08:22.276506",,"OR","ORE",,"0.000",,"0.000",,"0.000",,"0.000",,"0.000",,"0.000",,"0.000",,"0.000",,"0.000",,"0.000",,,"0",,,,"0",,,,"0",,,,"0",,,,"0",,,,"0",,,,"0",,,,"0",,,,"0",,,,"0",,"public"
"82","ORO","O'ROURKE BROTHERS","2021-08-24 04:08:22.276506","2021-08-24 04:08:22.276506",,"OR","ORO",,"0.000",,"0.000",,"0.000",,"0.000",,"0.000",,"0.000",,"0.000",,"0.000",,"0.000",,"0.000",,,"0",,,,"0",,,,"0",,,,"0",,,,"0",,,,"0",,,,"0",,,,"0",,,,"0",,,,"0",,"public"
"83","PAC","PACIFIC IMPORTS","2021-08-24 04:08:22.276506","2021-08-24 04:08:22.276506",,"PA","PAC",,"0.000",,"0.000",,"0.000",,"0.000",,"0.000",,"0.000",,"0.000",,"0.000",,"0.000",,"0.000",,,"0",,,,"0",,,,"0",,,,"0",,,,"0",,,,"0",,,,"0",,,,"0",,,,"0",,,,"0",,"public"
"84","PAN","PANASONIC","2021-08-24 04:08:22.276506","2021-08-24 04:08:22.276506",,"PA","PAN",,"0.000",,"0.000",,"0.000",,"0.000",,"0.000",,"0.000",,"0.000",,"0.000",,"0.000",,"0.000",,,"0",,,,"0",,,,"0",,,,"0",,,,"0",,,,"0",,,,"0",,,,"0",,,,"0",,,,"0",,"public"
"85","PEG","PEG-PEREGO","2021-08-24 04:08:22.276506","2021-08-24 04:08:22.276506",,"PE","PEG","LM","0.000",,"0.000",,"0.000",,"0.000",,"0.000",,"0.000",,"0.000",,"0.000",,"0.000",,"0.000",,,"0",,,,"0",,,,"0",,,,"0",,,,"0",,,,"0",,,,"0",,,,"0",,,,"0",,,,"0",,"public"
"86","PFC","PFC FURNITURE IND","2021-08-24 04:08:22.276506","2021-08-24 04:08:22.276506",,"PF","PFC",,"0.000",,"0.000",,"0.000",,"0.000",,"0.000",,"0.000",,"0.000",,"0.000",,"0.000",,"0.000",,,"0",,,,"0",,,,"0",,,,"0",,,,"0",,,,"0",,,,"0",,,,"0",,,,"0",,,,"0",,"public"
"87","PHL","PHILLIPS","2021-08-24 04:08:22.276506","2021-08-24 04:08:22.276506",,"PH","PHL",,"0.000",,"0.000",,"0.000",,"0.000",,"0.000",,"0.000",,"0.000",,"0.000",,"0.000",,"0.000",,,"0",,,,"0",,,,"0",,,,"0",,,,"0",,,,"0",,,,"0",,,,"0",,,,"0",,,,"0",,"public"
"88","POL","POLAROID","2021-08-24 04:08:22.276506","2021-08-24 04:08:22.276506",,"PO","POL","TL","0.000",,"0.000",,"0.000",,"0.000",,"0.000",,"0.000",,"0.000",,"0.000",,"0.000",,"0.000",,,"0",,,,"0",,,,"0",,,,"0",,,,"0",,,,"0",,,,"0",,,,"0",,,,"0",,,,"0",,"public"
"89","POR","PORTER CABLE","2021-08-24 04:08:22.276506","2021-08-24 04:08:22.276506",,"PO","POR","LM","0.000",,"0.000",,"0.000",,"0.000",,"0.000",,"0.000",,"0.000",,"0.000",,"0.000",,"0.000",,,"0",,,,"0",,,,"0",,,,"0",,,,"0",,,,"0",,,,"0",,,,"0",,,,"0",,,,"0",,"public"
"90","POW","POWELL","2021-08-24 04:08:22.276506","2021-08-24 04:08:22.276506",,"PO","POW",,"0.000",,"0.000",,"0.000",,"0.000",,"0.000",,"0.000",,"0.000",,"0.000",,"0.000",,"0.000",,,"0",,,,"0",,,,"0",,,,"0",,,,"0",,,,"0",,,,"0",,,,"0",,,,"0",,,,"0",,"public"
"91","PRO","PROGRESSINVE FURNITURE","2021-08-24 04:08:22.276506","2021-08-24 04:08:22.276506",,"PR","PRO",,"0.000",,"0.000",,"0.000",,"0.000",,"0.000",,"0.000",,"0.000",,"0.000",,"0.000",,"0.000",,,"0",,,,"0",,,,"0",,,,"0",,,,"0",,,,"0",,,,"0",,,,"0",,,,"0",,,,"0",,"public"
"92","RAC","RENT A CENTER","2021-08-24 04:08:22.276506","2021-08-24 04:08:22.276506",,"RA","RAC",,"0.000",,"0.000",,"0.000",,"0.000",,"0.000",,"0.000",,"0.000",,"0.000",,"0.000",,"0.000",,,"0",,,,"0",,,,"0",,,,"0",,,,"0",,,,"0",,,,"0",,,,"0",,,,"0",,,,"0",,"public"
"93","RCA","RCA","2021-08-24 04:08:22.276506","2021-08-24 04:08:22.276506",,"RC","RCA",,"0.000",,"0.000",,"0.000",,"0.000",,"0.000",,"0.000",,"0.000",,"0.000",,"0.000",,"0.000",,,"0",,,,"0",,,,"0",,,,"0",,,,"0",,,,"0",,,,"0",,,,"0",,,,"0",,,,"0",,"public"
"94","RNG","RING VIDEO","2021-08-24 04:08:22.276506","2021-08-24 04:08:22.276506",,"RN","RNG","VS","0.000",,"0.000",,"0.000",,"0.000",,"0.000",,"0.000",,"0.000",,"0.000",,"0.000",,"0.000",,,"0",,,,"0",,,,"0",,,,"0",,,,"0",,,,"0",,,,"0",,,,"0",,,,"0",,,,"0",,"public"
"95","RTO","RTO SOLUTIONS","2021-08-24 04:08:22.276506","2021-08-24 04:08:22.276506",,"RT","RTO",,"0.000",,"0.000",,"0.000",,"0.000",,"0.000",,"0.000",,"0.000",,"0.000",,"0.000",,"0.000",,,"0",,,,"0",,,,"0",,,,"0",,,,"0",,,,"0",,,,"0",,,,"0",,,,"0",,,,"0",,"public"
"96","SAM","SAMSUNG","2021-08-24 04:08:22.276506","2021-08-24 04:08:22.276506",,"SA","SAM",,"0.000",,"0.000",,"0.000",,"0.000",,"0.000",,"0.000",,"0.000",,"0.000",,"0.000",,"0.000",,,"0",,,,"0",,,,"0",,,,"0",,,,"0",,,,"0",,,,"0",,,,"0",,,,"0",,,,"0",,"public"
"97","SEA","SEALY","2021-08-24 04:08:22.276506","2021-08-24 04:08:22.276506",,"SE","SEA","MA","0.000","MF","0.000","MQ","0.000","MT","0.000","MK","0.000","MB","0.000","FG","0.000","FR","0.000",,"0.000",,"0.000",,,"0",,,,"0",,,,"0",,,,"0",,,,"0",,,,"0",,,,"0",,,,"0",,,,"0",,,,"0",,"public"
"98","SER","SERTA","2021-08-24 04:08:22.276506","2021-08-24 04:08:22.276506",,"SE","SER",,"0.000",,"0.000",,"0.000",,"0.000",,"0.000",,"0.000",,"0.000",,"0.000",,"0.000",,"0.000",,,"0",,,,"0",,,,"0",,,,"0",,,,"0",,,,"0",,,,"0",,,,"0",,,,"0",,,,"0",,"public"
"99","SHP","SHARP","2021-08-24 04:08:22.276506","2021-08-24 04:08:22.276506",,"SH","SHP",,"0.000",,"0.000",,"0.000",,"0.000",,"0.000",,"0.000",,"0.000",,"0.000",,"0.000",,"0.000",,,"0",,,,"0",,,,"0",,,,"0",,,,"0",,,,"0",,,,"0",,,,"0",,,,"0",,,,"0",,"public"
"100","SIM","SIMMONS","2021-08-24 04:08:22.276506","2021-08-24 04:08:22.276506",,"SI","SIM",,"0.000",,"0.000",,"0.000",,"0.000",,"0.000",,"0.000",,"0.000",,"0.000",,"0.000",,"0.000",,,"0",,,,"0",,,,"0",,,,"0",,,,"0",,,,"0",,,,"0",,,,"0",,,,"0",,,,"0",,"public"
"101","SON","SONY","2021-08-24 04:08:22.276506","2021-08-24 04:08:22.276506",,"SO","SON",,"0.000",,"0.000",,"0.000",,"0.000",,"0.000",,"0.000",,"0.000",,"0.000",,"0.000",,"0.000",,,"0",,,,"0",,,,"0",,,,"0",,,,"0",,,,"0",,,,"0",,,,"0",,,,"0",,,,"0",,"public"
"102","STD","STANDARD","2021-08-24 04:08:22.276506","2021-08-24 04:08:22.276506",,"ST","STD",,"0.000",,"0.000",,"0.000",,"0.000",,"0.000",,"0.000",,"0.000",,"0.000",,"0.000",,"0.000",,,"0",,,,"0",,,,"0",,,,"0",,,,"0",,,,"0",,,,"0",,,,"0",,,,"0",,,,"0",,"public"
"103","STE","STEVE SILVER","2021-08-24 04:08:22.276506","2021-08-24 04:08:22.276506",,"ST","STE",,"0.000",,"0.000",,"0.000",,"0.000",,"0.000",,"0.000",,"0.000",,"0.000",,"0.000",,"0.000",,,"0",,,,"0",,,,"0",,,,"0",,,,"0",,,,"0",,,,"0",,,,"0",,,,"0",,,,"0",,"public"
"104","STI","STIHL","2021-08-24 04:08:22.276506","2021-08-24 04:08:22.276506",,"ST","STI",,"0.000",,"0.000",,"0.000",,"0.000",,"0.000",,"0.000",,"0.000",,"0.000",,"0.000",,"0.000",,,"0",,,,"0",,,,"0",,,,"0",,,,"0",,,,"0",,,,"0",,,,"0",,,,"0",,,,"0",,"public"
"105","SYM","SYMBOL MATRESS","2021-08-24 04:08:22.276506","2021-08-24 04:08:22.276506",,"SY","SYM",,"0.000",,"0.000",,"0.000",,"0.000",,"0.000",,"0.000",,"0.000",,"0.000",,"0.000",,"0.000",,,"0",,,,"0",,,,"0",,,,"0",,,,"0",,,,"0",,,,"0",,,,"0",,,,"0",,,,"0",,"public"
"106","TCL","TCL","2021-08-24 04:08:22.276506","2021-08-24 04:08:22.276506",,"TC","TCL",,"0.000",,"0.000",,"0.000",,"0.000",,"0.000",,"0.000",,"0.000",,"0.000",,"0.000",,"0.000",,,"0",,,,"0",,,,"0",,,,"0",,,,"0",,,,"0",,,,"0",,,,"0",,,,"0",,,,"0",,"public"
"107","TEC","TECHINCAL PRO","2021-08-24 04:08:22.276506","2021-08-24 04:08:22.276506",,"TE","TEC",,"0.000",,"0.000",,"0.000",,"0.000",,"0.000",,"0.000",,"0.000",,"0.000",,"0.000",,"0.000",,,"0",,,,"0",,,,"0",,,,"0",,,,"0",,,,"0",,,,"0",,,,"0",,,,"0",,,,"0",,"public"
"108","TOS","TOSHIBA","2021-08-24 04:08:22.276506","2021-08-24 04:08:22.276506",,"TO","TOS",,"0.000",,"0.000",,"0.000",,"0.000",,"0.000",,"0.000",,"0.000",,"0.000",,"0.000",,"0.000",,,"0",,,,"0",,,,"0",,,,"0",,,,"0",,,,"0",,,,"0",,,,"0",,,,"0",,,,"0",,"public"
"109","TRO","TROY-BILT","2021-08-24 04:08:22.276506","2021-08-24 04:08:22.276506",,"TR","TRO","LM","0.000","LP","0.000","LR","0.000",,"0.000",,"0.000",,"0.000",,"0.000",,"0.000",,"0.000",,"0.000",,,"0",,,,"0",,,,"0",,,,"0",,,,"0",,,,"0",,,,"0",,,,"0",,,,"0",,,,"0",,"public"
"110","UNI","UNITED FURNITURE","2021-08-24 04:08:22.276506","2021-08-24 04:08:22.276506",,"UN","UNI",,"0.000",,"0.000",,"0.000",,"0.000",,"0.000",,"0.000",,"0.000",,"0.000",,"0.000",,"0.000",,,"0",,,,"0",,,,"0",,,,"0",,,,"0",,,,"0",,,,"0",,,,"0",,,,"0",,,,"0",,"public"
"111","VER","VERIZON","2021-08-24 04:08:22.276506","2021-08-24 04:08:22.276506",,"VE","VER",,"0.000",,"0.000",,"0.000",,"0.000",,"0.000",,"0.000",,"0.000",,"0.000",,"0.000",,"0.000",,,"0",,,,"0",,,,"0",,,,"0",,,,"0",,,,"0",,,,"0",,,,"0",,,,"0",,,,"0",,"public"
"112","VIZ","VIZIO","2021-08-24 04:08:22.276506","2021-08-24 04:08:22.276506",,"VI","VIZ",,"0.000",,"0.000",,"0.000",,"0.000",,"0.000",,"0.000",,"0.000",,"0.000",,"0.000",,"0.000",,,"0",,,,"0",,,,"0",,,,"0",,,,"0",,,,"0",,,,"0",,,,"0",,,,"0",,,,"0",,"public"
"113","WEL","WELTON","2021-08-24 04:08:22.276506","2021-08-24 04:08:22.276506",,"WE","WEL",,"0.000",,"0.000",,"0.000",,"0.000",,"0.000",,"0.000",,"0.000",,"0.000",,"0.000",,"0.000",,,"0",,,,"0",,,,"0",,,,"0",,,,"0",,,,"0",,,,"0",,,,"0",,,,"0",,,,"0",,"public"
"114","WES","WESTINGHOUSE","2021-08-24 04:08:22.276506","2021-08-24 04:08:22.276506",,"WE","WES","TL","0.000",,"0.000",,"0.000",,"0.000",,"0.000",,"0.000",,"0.000",,"0.000",,"0.000",,"0.000",,,"0",,,,"0",,,,"0",,,,"0",,,,"0",,,,"0",,,,"0",,,,"0",,,,"0",,,,"0",,"public"
"115","WOO","WOODSON & BOZEMAN","2021-08-24 04:08:22.276506","2021-08-24 04:08:22.276506",,"WO","WOO",,"0.000",,"0.000",,"0.000",,"0.000",,"0.000",,"0.000",,"0.000",,"0.000",,"0.000",,"0.000",,,"0",,,,"0",,,,"0",,,,"0",,,,"0",,,,"0",,,,"0",,,,"0",,,,"0",,,,"0",,"public"
"116","WPL","WHIRLPOOL","2021-08-24 04:08:22.276506","2021-08-24 04:08:22.276506",,"WP","WPL",,"0.000",,"0.000",,"0.000",,"0.000",,"0.000",,"0.000",,"0.000",,"0.000",,"0.000",,"0.000",,,"0",,,,"0",,,,"0",,,,"0",,,,"0",,,,"0",,,,"0",,,,"0",,,,"0",,,,"0",,"public"
"117","YAM","YAMAHA","2021-08-24 04:08:22.276506","2021-08-24 04:08:22.276506",,"YA","YAM","SB","0.000","SH","0.000","SM","0.000","SP","0.000","SS","0.000",,"0.000",,"0.000",,"0.000",,"0.000",,"0.000",,,"0",,,,"0",,,,"0",,,,"0",,,,"0",,,,"0",,,,"0",,,,"0",,,,"0",,,,"0",,"public"
"118","AMC",,"2021-08-24 04:08:22.753824","2021-08-24 04:08:22.753824",,,,,,,,,,,,,,,,,,,,,,,,,,,,,,,,,,,,,,,,,,,,,,,,,,,,,,,,,,,,,,,,"public"
"119","COM",,"2021-08-24 04:08:22.753824","2021-08-24 04:08:22.753824",,,,,,,,,,,,,,,,,,,,,,,,,,,,,,,,,,,,,,,,,,,,,,,,,,,,,,,,,,,,,,,,"public"
"120","FRI",,"2021-08-24 04:08:22.753824","2021-08-24 04:08:22.753824",,,,,,,,,,,,,,,,,,,,,,,,,,,,,,,,,,,,,,,,,,,,,,,,,,,,,,,,,,,,,,,,"public"
"121","STA",,"2021-08-24 04:08:22.753824","2021-08-24 04:08:22.753824",,,,,,,,,,,,,,,,,,,,,,,,,,,,,,,,,,,,,,,,,,,,,,,,,,,,,,,,,,,,,,,,"public"
"122","SPE",,"2021-08-24 04:08:22.753824","2021-08-24 04:08:22.753824",,,,,,,,,,,,,,,,,,,,,,,,,,,,,,,,,,,,,,,,,,,,,,,,,,,,,,,,,,,,,,,,"public"
"123","TUR",,"2021-08-24 04:08:22.753824","2021-08-24 04:08:22.753824",,,,,,,,,,,,,,,,,,,,,,,,,,,,,,,,,,,,,,,,,,,,,,,,,,,,,,,,,,,,,,,,"public"
"124","APP",,"2021-08-24 04:08:22.753824","2021-08-24 04:08:22.753824",,,,,,,,,,,,,,,,,,,,,,,,,,,,,,,,,,,,,,,,,,,,,,,,,,,,,,,,,,,,,,,,"public"
"125","CLA",,"2021-08-24 04:08:22.753824","2021-08-24 04:08:22.753824",,,,,,,,,,,,,,,,,,,,,,,,,,,,,,,,,,,,,,,,,,,,,,,,,,,,,,,,,,,,,,,,"public"
"126","DGE",,"2021-08-24 04:08:22.753824","2021-08-24 04:08:22.753824",,,,,,,,,,,,,,,,,,,,,,,,,,,,,,,,,,,,,,,,,,,,,,,,,,,,,,,,,,,,,,,,"public"
"127","STR",,"2021-08-24 04:08:22.753824","2021-08-24 04:08:22.753824",,,,,,,,,,,,,,,,,,,,,,,,,,,,,,,,,,,,,,,,,,,,,,,,,,,,,,,,,,,,,,,,"public"
"128","XXX",,"2021-08-24 04:08:22.753824","2021-08-24 04:08:22.753824",,,,,,,,,,,,,,,,,,,,,,,,,,,,,,,,,,,,,,,,,,,,,,,,,,,,,,,,,,,,,,,,"public"
"129","MOT",,"2021-08-24 04:08:22.753824","2021-08-24 04:08:22.753824",,,,,,,,,,,,,,,,,,,,,,,,,,,,,,,,,,,,,,,,,,,,,,,,,,,,,,,,,,,,,,,,"public"
"130","RVI",,"2021-08-24 04:08:22.753824","2021-08-24 04:08:22.753824",,,,,,,,,,,,,,,,,,,,,,,,,,,,,,,,,,,,,,,,,,,,,,,,,,,,,,,,,,,,,,,,"public"
"131","BRI",,"2021-08-24 04:08:22.753824","2021-08-24 04:08:22.753824",,,,,,,,,,,,,,,,,,,,,,,,,,,,,,,,,,,,,,,,,,,,,,,,,,,,,,,,,,,,,,,,"public"
"132","SIN",,"2021-08-24 04:08:22.753824","2021-08-24 04:08:22.753824",,,,,,,,,,,,,,,,,,,,,,,,,,,,,,,,,,,,,,,,,,,,,,,,,,,,,,,,,,,,,,,,"public"
"133","MAG",,"2021-08-24 04:08:22.753824","2021-08-24 04:08:22.753824",,,,,,,,,,,,,,,,,,,,,,,,,,,,,,,,,,,,,,,,,,,,,,,,,,,,,,,,,,,,,,,,"public"
"134","MIT",,"2021-08-24 04:08:22.753824","2021-08-24 04:08:22.753824",,,,,,,,,,,,,,,,,,,,,,,,,,,,,,,,,,,,,,,,,,,,,,,,,,,,,,,,,,,,,,,,"public"
"135","PHI",,"2021-08-24 04:08:22.753824","2021-08-24 04:08:22.753824",,,,,,,,,,,,,,,,,,,,,,,,,,,,,,,,,,,,,,,,,,,,,,,,,,,,,,,,,,,,,,,,"public"
"136","SHA",,"2021-08-24 04:08:22.753824","2021-08-24 04:08:22.753824",,,,,,,,,,,,,,,,,,,,,,,,,,,,,,,,,,,,,,,,,,,,,,,,,,,,,,,,,,,,,,,,"public"
"137","YYY",,"2021-08-24 04:08:22.753824","2021-08-24 04:08:22.753824",,,,,,,,,,,,,,,,,,,,,,,,,,,,,,,,,,,,,,,,,,,,,,,,,,,,,,,,,,,,,,,,"public"
"138","MAN",,"2021-08-24 04:08:22.753824","2021-08-24 04:08:22.753824",,,,,,,,,,,,,,,,,,,,,,,,,,,,,,,,,,,,,,,,,,,,,,,,,,,,,,,,,,,,,,,,"public"
"139","VIN",,"2021-08-24 04:08:22.753824","2021-08-24 04:08:22.753824",,,,,,,,,,,,,,,,,,,,,,,,,,,,,,,,,,,,,,,,,,,,,,,,,,,,,,,,,,,,,,,,"public"
